id	column	wrong	right	note
mafand-49428e8d34ec	moore	gʋlbã lə waor	gʋlbã la waor	ə for a
news-1e9742416bc0	moore	Koviida bãəg	Koviida bãag	ə for a (disease)
mafand-a444468e6e70	moore	sõmbləm	sõmblem	ə for e
mafand-741349bad4dc	moore	sõma tə Kony	sõma tɩ Kony	ə for ɩ
mafand-ab7c7df3254f	moore	zugãə	zugã	stray ə
mafand-f2a0f448d537	moore	zãmsgoə	zãmsgo	stray ə
udhr-article-17-0	moore	sull pœga	sull pʋga	œ for ʋ (en collectivité)
conseils-000091-187	moore	lʋɩša	lʋɩɩsã	š for ɩs (conseils font)
conseils-000020-138	moore	nin-zaals vššm	nin-zaals vɩɩm	š for ɩ (life)
mafand-c8523164809f	moore	Lše porfesionɛl	Lɩse porfesionɛl	š for ɩs (Lycée)
